code,name,big_cat,mid_cat,small_cat,theme_id,theme_name,weight,role,confidence,source
6384,昭和真空,機械・エレクトロニクス,半導体・電子部品,電子受動部品（コンデンサー・コイル）,mlcc,MLCC・電子部品,1.0,core,auto,業種:電子受動部品（コンデンサー・コイル）
6524,湖北工業,機械・エレクトロニクス,半導体・電子部品,電子受動部品（コンデンサー・コイル）,mlcc,MLCC・電子部品,1.0,core,auto,業種:電子受動部品（コンデンサー・コイル）
6666,リバーエレテック,機械・エレクトロニクス,半導体・電子部品,電子受動部品（コンデンサー・コイル）,mlcc,MLCC・電子部品,1.0,core,auto,業種:電子受動部品（コンデンサー・コイル）
6762,ＴＤＫ,機械・エレクトロニクス,半導体・電子部品,電子受動部品（コンデンサー・コイル）,mlcc,MLCC・電子部品,1.0,core,auto,業種:電子受動部品（コンデンサー・コイル）
6763,帝国通信工業,機械・エレクトロニクス,半導体・電子部品,電子受動部品（コンデンサー・コイル）,mlcc,MLCC・電子部品,1.0,core,auto,業種:電子受動部品（コンデンサー・コイル）
6768,タムラ製作所,機械・エレクトロニクス,半導体・電子部品,電子受動部品（コンデンサー・コイル）,mlcc,MLCC・電子部品,1.0,core,auto,業種:電子受動部品（コンデンサー・コイル）
6779,日本電波工業,機械・エレクトロニクス,半導体・電子部品,電子受動部品（コンデンサー・コイル）,mlcc,MLCC・電子部品,1.0,core,auto,業種:電子受動部品（コンデンサー・コイル）
6817,スミダコーポレーション,機械・エレクトロニクス,半導体・電子部品,電子受動部品（コンデンサー・コイル）,mlcc,MLCC・電子部品,1.0,core,auto,業種:電子受動部品（コンデンサー・コイル）
6926,岡谷電機産業,機械・エレクトロニクス,半導体・電子部品,電子受動部品（コンデンサー・コイル）,mlcc,MLCC・電子部品,1.0,core,auto,業種:電子受動部品（コンデンサー・コイル）
6962,大真空,機械・エレクトロニクス,半導体・電子部品,電子受動部品（コンデンサー・コイル）,mlcc,MLCC・電子部品,1.0,core,auto,業種:電子受動部品（コンデンサー・コイル）
6966,三井ハイテック,機械・エレクトロニクス,半導体・電子部品,電子受動部品（コンデンサー・コイル）,mlcc,MLCC・電子部品,1.0,core,auto,業種:電子受動部品（コンデンサー・コイル）
6969,松尾電機,機械・エレクトロニクス,半導体・電子部品,電子受動部品（コンデンサー・コイル）,mlcc,MLCC・電子部品,1.0,core,auto,業種:電子受動部品（コンデンサー・コイル）
6976,太陽誘電,機械・エレクトロニクス,半導体・電子部品,電子受動部品（コンデンサー・コイル）,mlcc,MLCC・電子部品,1.0,core,auto,業種:電子受動部品（コンデンサー・コイル）
6981,村田製作所,機械・エレクトロニクス,半導体・電子部品,電子受動部品（コンデンサー・コイル）,mlcc,MLCC・電子部品,1.0,core,auto,業種:電子受動部品（コンデンサー・コイル）
6989,北陸電気工業,機械・エレクトロニクス,半導体・電子部品,電子受動部品（コンデンサー・コイル）,mlcc,MLCC・電子部品,1.0,core,auto,業種:電子受動部品（コンデンサー・コイル）
6994,指月電機製作所,機械・エレクトロニクス,半導体・電子部品,電子受動部品（コンデンサー・コイル）,mlcc,MLCC・電子部品,1.0,core,auto,業種:電子受動部品（コンデンサー・コイル）
6996,ニチコン,機械・エレクトロニクス,半導体・電子部品,電子受動部品（コンデンサー・コイル）,mlcc,MLCC・電子部品,1.0,core,auto,業種:電子受動部品（コンデンサー・コイル）
6997,日本ケミコン,機械・エレクトロニクス,半導体・電子部品,電子受動部品（コンデンサー・コイル）,mlcc,MLCC・電子部品,1.0,core,auto,業種:電子受動部品（コンデンサー・コイル）
6999,ＫＯＡ,機械・エレクトロニクス,半導体・電子部品,電子受動部品（コンデンサー・コイル）,mlcc,MLCC・電子部品,1.0,core,auto,業種:電子受動部品（コンデンサー・コイル）
6506,安川電機,機械・エレクトロニクス,産業用装置・重電設備,電力制御機器,gemini,ジェミニ関連,0.4,related,curated,カリン手動web
6701,日本電気,機械・エレクトロニクス,総合電機,総合電機,gemini,ジェミニ関連,0.4,related,curated,カリン手動web
6702,富士通,機械・エレクトロニクス,総合電機,総合電機,gemini,ジェミニ関連,0.4,related,curated,カリン手動web
6954,ファナック,機械・エレクトロニクス,製造用機械・電気機械,産業用ロボット,gemini,ジェミニ関連,0.4,related,curated,カリン手動web
7046,ＴＤＳＥ,サービス,企業向け専門サービス,経営・財務アドバイザリー,gemini,ジェミニ関連,0.4,related,curated,カリン手動web
9432,ＮＴＴ,情報・通信・広告,通信サービス,モバイル通信事業,gemini,ジェミニ関連,0.4,related,curated,カリン手動web
1801,大成建設,建設・不動産,建設・土木,総合建設（ゼネコン）,datacenter,データセンター,0.4,related,curated,カリン手動web
1951,エクシオグループ,建設・不動産,建設・土木,設備工事（通信）,datacenter,データセンター,0.4,related,curated,カリン手動web
3778,さくらインターネット,情報・通信・広告,システム・ソフトウエア,データセンター・クラウドサービス,datacenter,データセンター,1.0,core,curated,カリン手動web
4307,野村総合研究所,情報・通信・広告,システム・ソフトウエア,システムインテグレーター,datacenter,データセンター,0.4,related,curated,カリン手動web
6501,日立製作所,機械・エレクトロニクス,総合電機,総合電機,datacenter,データセンター,0.4,related,curated,カリン手動web
6701,日本電気,機械・エレクトロニクス,総合電機,総合電機,datacenter,データセンター,0.4,related,curated,カリン手動web
6702,富士通,機械・エレクトロニクス,総合電機,総合電機,datacenter,データセンター,0.4,related,curated,カリン手動web
9433,ＫＤＤＩ,情報・通信・広告,通信サービス,モバイル通信事業,datacenter,データセンター,0.4,related,curated,カリン手動web
3132,マクニカＨＬＤＧ,商社・卸売,建材・電気機械・金属卸,半導体・電子部品卸,physical_ai,フィジカルAI・ロボット,0.4,related,curated,カリン手動web
3741,セック,情報・通信・広告,システム・ソフトウエア,システム受注・ソフト開発（組込ソフト）,physical_ai,フィジカルAI・ロボット,0.4,related,curated,カリン手動web
6433,ヒーハイスト,素材,製鉄・金属製品,ベアリング・含油軸受,physical_ai,フィジカルAI・ロボット,0.4,related,curated,カリン手動web
6501,日立製作所,機械・エレクトロニクス,総合電機,総合電機,physical_ai,フィジカルAI・ロボット,0.4,related,curated,カリン手動web
6506,安川電機,機械・エレクトロニクス,産業用装置・重電設備,電力制御機器,physical_ai,フィジカルAI・ロボット,0.7,strong,curated,カリン手動web
6702,富士通,機械・エレクトロニクス,総合電機,総合電機,physical_ai,フィジカルAI・ロボット,0.4,related,curated,カリン手動web
6758,ソニーグループ,機械・エレクトロニクス,総合電機,総合電機,physical_ai,フィジカルAI・ロボット,0.4,related,curated,カリン手動web
6861,キーエンス,機械・エレクトロニクス,半導体・電子部品,センサー・計器類,physical_ai,フィジカルAI・ロボット,0.7,strong,curated,カリン手動web
6954,ファナック,機械・エレクトロニクス,製造用機械・電気機械,産業用ロボット,physical_ai,フィジカルAI・ロボット,0.7,strong,curated,カリン手動web
6981,村田製作所,機械・エレクトロニクス,半導体・電子部品,電子受動部品（コンデンサー・コイル）,physical_ai,フィジカルAI・ロボット,0.4,related,curated,カリン手動web
285A,キオクシアＨＬＤＧ,機械・エレクトロニクス,半導体・電子部品,半導体（集積回路・半導体素子）,memory,メモリー半導体,1.0,core,curated,カリン手動web
6871,日本マイクロニクス,機械・エレクトロニクス,製造用機械・電気機械,半導体・液晶製造装置,memory,メモリー半導体,0.4,related,curated,カリン手動web
7731,ニコン,機械・エレクトロニクス,家庭用電気機器,デジタルカメラ・ビデオカメラ,memory,メモリー半導体,0.4,related,curated,カリン手動web
285A,キオクシアＨＬＤＧ,機械・エレクトロニクス,半導体・電子部品,半導体（集積回路・半導体素子）,semiconductor,半導体,1.0,core,auto,業種:半導体（集積回路・半導体素子）
2962,テクニスコ,機械・エレクトロニクス,半導体・電子部品,電気機能材料,semiconductor,半導体,1.0,core,auto,業種:電気機能材料
3436,ＳＵＭＣＯ,機械・エレクトロニクス,半導体・電子部品,シリコン・シリコンウエハー,semiconductor,半導体,1.0,core,auto,業種:シリコン・シリコンウエハー
3445,ＲＳ　Ｔｅｃｈｎｏｌｏｇｉｅｓ,機械・エレクトロニクス,半導体・電子部品,シリコン・シリコンウエハー,semiconductor,半導体,1.0,core,auto,業種:シリコン・シリコンウエハー
3652,ディジタルメディアプロ,機械・エレクトロニクス,半導体・電子部品,半導体（集積回路・半導体素子）,semiconductor,半導体,1.0,core,auto,業種:半導体（集積回路・半導体素子）
4043,トクヤマ,機械・エレクトロニクス,半導体・電子部品,シリコン・シリコンウエハー,semiconductor,半導体,1.0,core,auto,業種:シリコン・シリコンウエハー
429A,テクセンドフォトマスク,機械・エレクトロニクス,半導体・電子部品,フォトマスク,semiconductor,半導体,1.0,core,auto,業種:フォトマスク
5942,日本フイルコン,機械・エレクトロニクス,半導体・電子部品,フォトマスク,semiconductor,半導体,1.0,core,auto,業種:フォトマスク
6146,ディスコ,機械・エレクトロニクス,製造用機械・電気機械,半導体・液晶製造装置,semiconductor,半導体,1.0,core,auto,業種:半導体・液晶製造装置
6227,ＡＩメカテック,機械・エレクトロニクス,製造用機械・電気機械,半導体・液晶製造装置,semiconductor,半導体,1.0,core,auto,業種:半導体・液晶製造装置
6228,ジェイ・イー・ティ,機械・エレクトロニクス,製造用機械・電気機械,半導体・液晶製造装置,semiconductor,半導体,1.0,core,auto,業種:半導体・液晶製造装置
6235,オプトラン,機械・エレクトロニクス,製造用機械・電気機械,電子部品製造装置,semiconductor,半導体,1.0,core,auto,業種:電子部品製造装置
6264,マルマエ,機械・エレクトロニクス,製造用機械・電気機械,半導体・液晶製造装置,semiconductor,半導体,1.0,core,auto,業種:半導体・液晶製造装置
6266,タツモ,機械・エレクトロニクス,製造用機械・電気機械,半導体・液晶製造装置,semiconductor,半導体,1.0,core,auto,業種:半導体・液晶製造装置
6298,ワイエイシイＨＬＤＧ,機械・エレクトロニクス,製造用機械・電気機械,半導体・液晶製造装置,semiconductor,半導体,1.0,core,auto,業種:半導体・液晶製造装置
6315,ＴＯＷＡ,機械・エレクトロニクス,製造用機械・電気機械,半導体・液晶製造装置,semiconductor,半導体,1.0,core,auto,業種:半導体・液晶製造装置
6323,ローツェ,機械・エレクトロニクス,製造用機械・電気機械,半導体・液晶製造装置,semiconductor,半導体,1.0,core,auto,業種:半導体・液晶製造装置
6336,石井表記,機械・エレクトロニクス,製造用機械・電気機械,電子部品製造装置,semiconductor,半導体,1.0,core,auto,業種:電子部品製造装置
6337,テセック,機械・エレクトロニクス,製造用機械・電気機械,半導体・液晶製造装置,semiconductor,半導体,1.0,core,auto,業種:半導体・液晶製造装置
6338,タカトリ,機械・エレクトロニクス,製造用機械・電気機械,半導体・液晶製造装置,semiconductor,半導体,1.0,core,auto,業種:半導体・液晶製造装置
6387,サムコ,機械・エレクトロニクス,製造用機械・電気機械,半導体・液晶製造装置,semiconductor,半導体,1.0,core,auto,業種:半導体・液晶製造装置
6521,オキサイド,機械・エレクトロニクス,半導体・電子部品,ＬＥＤ・半導体レーザー,semiconductor,半導体,1.0,core,auto,業種:ＬＥＤ・半導体レーザー
6525,ＫＯＫＵＳＡＩ　ＥＬＥＣＴＲＩ,機械・エレクトロニクス,製造用機械・電気機械,半導体・液晶製造装置,semiconductor,半導体,1.0,core,auto,業種:半導体・液晶製造装置
6526,ソシオネクスト,機械・エレクトロニクス,半導体・電子部品,半導体（集積回路・半導体素子）,semiconductor,半導体,1.0,core,auto,業種:半導体（集積回路・半導体素子）
6590,芝浦メカトロニクス,機械・エレクトロニクス,製造用機械・電気機械,半導体・液晶製造装置,semiconductor,半導体,1.0,core,auto,業種:半導体・液晶製造装置
6613,ＱＤレーザ,機械・エレクトロニクス,半導体・電子部品,ＬＥＤ・半導体レーザー,semiconductor,半導体,1.0,core,auto,業種:ＬＥＤ・半導体レーザー
6614,シキノハイテック,機械・エレクトロニクス,製造用機械・電気機械,半導体・液晶製造装置,semiconductor,半導体,1.0,core,auto,業種:半導体・液晶製造装置
6656,インスペック,機械・エレクトロニクス,製造用機械・電気機械,半導体・液晶製造装置,semiconductor,半導体,1.0,core,auto,業種:半導体・液晶製造装置
6677,エスケーエレクトロニクス,機械・エレクトロニクス,半導体・電子部品,フォトマスク,semiconductor,半導体,1.0,core,auto,業種:フォトマスク
6707,サンケン電気,機械・エレクトロニクス,半導体・電子部品,半導体（集積回路・半導体素子）,semiconductor,半導体,1.0,core,auto,業種:半導体（集積回路・半導体素子）
6721,ウインテスト,機械・エレクトロニクス,製造用機械・電気機械,半導体・液晶製造装置,semiconductor,半導体,1.0,core,auto,業種:半導体・液晶製造装置
6723,ルネサスエレクトロニクス,機械・エレクトロニクス,半導体・電子部品,半導体（集積回路・半導体素子）,semiconductor,半導体,1.0,core,auto,業種:半導体（集積回路・半導体素子）
6728,アルバック,機械・エレクトロニクス,製造用機械・電気機械,半導体・液晶製造装置,semiconductor,半導体,1.0,core,auto,業種:半導体・液晶製造装置
6730,アクセル,機械・エレクトロニクス,半導体・電子部品,半導体（集積回路・半導体素子）,semiconductor,半導体,1.0,core,auto,業種:半導体（集積回路・半導体素子）
6769,ザインエレクトロニクス,機械・エレクトロニクス,半導体・電子部品,半導体（集積回路・半導体素子）,semiconductor,半導体,1.0,core,auto,業種:半導体（集積回路・半導体素子）
6832,アオイ電子,機械・エレクトロニクス,半導体・電子部品,半導体（集積回路・半導体素子）,semiconductor,半導体,1.0,core,auto,業種:半導体（集積回路・半導体素子）
6840,ＡＫＩＢＡ　ＨＬＤＧ,機械・エレクトロニクス,半導体・電子部品,半導体（集積回路・半導体素子）,semiconductor,半導体,1.0,core,auto,業種:半導体（集積回路・半導体素子）
6844,新電元工業,機械・エレクトロニクス,半導体・電子部品,半導体（集積回路・半導体素子）,semiconductor,半導体,1.0,core,auto,業種:半導体（集積回路・半導体素子）
6855,日本電子材料,機械・エレクトロニクス,製造用機械・電気機械,半導体・液晶製造装置,semiconductor,半導体,1.0,core,auto,業種:半導体・液晶製造装置
6857,アドバンテスト,機械・エレクトロニクス,製造用機械・電気機械,半導体・液晶製造装置,semiconductor,半導体,1.0,core,auto,業種:半導体・液晶製造装置
6862,ミナトＨＬＤＧ,機械・エレクトロニクス,製造用機械・電気機械,半導体・液晶製造装置,semiconductor,半導体,1.0,core,auto,業種:半導体・液晶製造装置
6871,日本マイクロニクス,機械・エレクトロニクス,製造用機械・電気機械,半導体・液晶製造装置,semiconductor,半導体,1.0,core,auto,業種:半導体・液晶製造装置
6875,メガチップス,機械・エレクトロニクス,半導体・電子部品,半導体（集積回路・半導体素子）,semiconductor,半導体,1.0,core,auto,業種:半導体（集積回路・半導体素子）
6890,フェローテック,機械・エレクトロニクス,製造用機械・電気機械,半導体・液晶製造装置,semiconductor,半導体,1.0,core,auto,業種:半導体・液晶製造装置
6918,アバールデータ,機械・エレクトロニクス,製造用機械・電気機械,半導体・液晶製造装置,semiconductor,半導体,1.0,core,auto,業種:半導体・液晶製造装置
6920,レーザーテック,機械・エレクトロニクス,製造用機械・電気機械,半導体・液晶製造装置,semiconductor,半導体,1.0,core,auto,業種:半導体・液晶製造装置
6963,ローム,機械・エレクトロニクス,半導体・電子部品,半導体（集積回路・半導体素子）,semiconductor,半導体,1.0,core,auto,業種:半導体（集積回路・半導体素子）
6977,日本抵抗器製作所,機械・エレクトロニクス,半導体・電子部品,半導体（集積回路・半導体素子）,semiconductor,半導体,1.0,core,auto,業種:半導体（集積回路・半導体素子）
6988,日東電工,機械・エレクトロニクス,半導体・電子部品,電気機能材料,semiconductor,半導体,1.0,core,auto,業種:電気機能材料
7709,クボテック,機械・エレクトロニクス,製造用機械・電気機械,半導体・液晶製造装置,semiconductor,半導体,1.0,core,auto,業種:半導体・液晶製造装置
7717,ブイ・テクノロジー,機械・エレクトロニクス,製造用機械・電気機械,半導体・液晶製造装置,semiconductor,半導体,1.0,core,auto,業種:半導体・液晶製造装置
7729,東京精密,機械・エレクトロニクス,製造用機械・電気機械,半導体・液晶製造装置,semiconductor,半導体,1.0,core,auto,業種:半導体・液晶製造装置
7735,ＳＣＲＥＥＮ　ＨＬＤＧ,機械・エレクトロニクス,製造用機械・電気機械,半導体・液晶製造装置,semiconductor,半導体,1.0,core,auto,業種:半導体・液晶製造装置
7902,ソノコム,機械・エレクトロニクス,半導体・電子部品,フォトマスク,semiconductor,半導体,1.0,core,auto,業種:フォトマスク
7931,未来工業,機械・エレクトロニクス,半導体・電子部品,電気機能材料,semiconductor,半導体,1.0,core,auto,業種:電気機能材料
8035,東京エレクトロン,機械・エレクトロニクス,製造用機械・電気機械,半導体・液晶製造装置,semiconductor,半導体,1.0,core,auto,業種:半導体・液晶製造装置
9880,イノテック,機械・エレクトロニクス,製造用機械・電気機械,電子部品製造装置,semiconductor,半導体,1.0,core,auto,業種:電子部品製造装置
6146,ディスコ,機械・エレクトロニクス,製造用機械・電気機械,半導体・液晶製造装置,semi_equipment,半導体製造装置,1.0,core,auto,業種:半導体・液晶製造装置
6227,ＡＩメカテック,機械・エレクトロニクス,製造用機械・電気機械,半導体・液晶製造装置,semi_equipment,半導体製造装置,1.0,core,auto,業種:半導体・液晶製造装置
6228,ジェイ・イー・ティ,機械・エレクトロニクス,製造用機械・電気機械,半導体・液晶製造装置,semi_equipment,半導体製造装置,1.0,core,auto,業種:半導体・液晶製造装置
6235,オプトラン,機械・エレクトロニクス,製造用機械・電気機械,電子部品製造装置,semi_equipment,半導体製造装置,1.0,core,auto,業種:電子部品製造装置
6255,エヌ・ピー・シー,機械・エレクトロニクス,製造用機械・電気機械,太陽電池製造装置,semi_equipment,半導体製造装置,1.0,core,auto,業種:太陽電池製造装置
6264,マルマエ,機械・エレクトロニクス,製造用機械・電気機械,半導体・液晶製造装置,semi_equipment,半導体製造装置,1.0,core,auto,業種:半導体・液晶製造装置
6266,タツモ,機械・エレクトロニクス,製造用機械・電気機械,半導体・液晶製造装置,semi_equipment,半導体製造装置,1.0,core,auto,業種:半導体・液晶製造装置
6298,ワイエイシイＨＬＤＧ,機械・エレクトロニクス,製造用機械・電気機械,半導体・液晶製造装置,semi_equipment,半導体製造装置,1.0,core,auto,業種:半導体・液晶製造装置
6315,ＴＯＷＡ,機械・エレクトロニクス,製造用機械・電気機械,半導体・液晶製造装置,semi_equipment,半導体製造装置,1.0,core,auto,業種:半導体・液晶製造装置
6323,ローツェ,機械・エレクトロニクス,製造用機械・電気機械,半導体・液晶製造装置,semi_equipment,半導体製造装置,1.0,core,auto,業種:半導体・液晶製造装置
6336,石井表記,機械・エレクトロニクス,製造用機械・電気機械,電子部品製造装置,semi_equipment,半導体製造装置,1.0,core,auto,業種:電子部品製造装置
6337,テセック,機械・エレクトロニクス,製造用機械・電気機械,半導体・液晶製造装置,semi_equipment,半導体製造装置,1.0,core,auto,業種:半導体・液晶製造装置
6338,タカトリ,機械・エレクトロニクス,製造用機械・電気機械,半導体・液晶製造装置,semi_equipment,半導体製造装置,1.0,core,auto,業種:半導体・液晶製造装置
6387,サムコ,機械・エレクトロニクス,製造用機械・電気機械,半導体・液晶製造装置,semi_equipment,半導体製造装置,1.0,core,auto,業種:半導体・液晶製造装置
6525,ＫＯＫＵＳＡＩ　ＥＬＥＣＴＲＩ,機械・エレクトロニクス,製造用機械・電気機械,半導体・液晶製造装置,semi_equipment,半導体製造装置,1.0,core,auto,業種:半導体・液晶製造装置
6590,芝浦メカトロニクス,機械・エレクトロニクス,製造用機械・電気機械,半導体・液晶製造装置,semi_equipment,半導体製造装置,1.0,core,auto,業種:半導体・液晶製造装置
6614,シキノハイテック,機械・エレクトロニクス,製造用機械・電気機械,半導体・液晶製造装置,semi_equipment,半導体製造装置,1.0,core,auto,業種:半導体・液晶製造装置
6656,インスペック,機械・エレクトロニクス,製造用機械・電気機械,半導体・液晶製造装置,semi_equipment,半導体製造装置,1.0,core,auto,業種:半導体・液晶製造装置
6721,ウインテスト,機械・エレクトロニクス,製造用機械・電気機械,半導体・液晶製造装置,semi_equipment,半導体製造装置,1.0,core,auto,業種:半導体・液晶製造装置
6728,アルバック,機械・エレクトロニクス,製造用機械・電気機械,半導体・液晶製造装置,semi_equipment,半導体製造装置,1.0,core,auto,業種:半導体・液晶製造装置
6855,日本電子材料,機械・エレクトロニクス,製造用機械・電気機械,半導体・液晶製造装置,semi_equipment,半導体製造装置,1.0,core,auto,業種:半導体・液晶製造装置
6857,アドバンテスト,機械・エレクトロニクス,製造用機械・電気機械,半導体・液晶製造装置,semi_equipment,半導体製造装置,1.0,core,auto,業種:半導体・液晶製造装置
6862,ミナトＨＬＤＧ,機械・エレクトロニクス,製造用機械・電気機械,半導体・液晶製造装置,semi_equipment,半導体製造装置,1.0,core,auto,業種:半導体・液晶製造装置
6871,日本マイクロニクス,機械・エレクトロニクス,製造用機械・電気機械,半導体・液晶製造装置,semi_equipment,半導体製造装置,1.0,core,auto,業種:半導体・液晶製造装置
6890,フェローテック,機械・エレクトロニクス,製造用機械・電気機械,半導体・液晶製造装置,semi_equipment,半導体製造装置,1.0,core,auto,業種:半導体・液晶製造装置
6918,アバールデータ,機械・エレクトロニクス,製造用機械・電気機械,半導体・液晶製造装置,semi_equipment,半導体製造装置,1.0,core,auto,業種:半導体・液晶製造装置
6920,レーザーテック,機械・エレクトロニクス,製造用機械・電気機械,半導体・液晶製造装置,semi_equipment,半導体製造装置,1.0,core,auto,業種:半導体・液晶製造装置
7709,クボテック,機械・エレクトロニクス,製造用機械・電気機械,半導体・液晶製造装置,semi_equipment,半導体製造装置,1.0,core,auto,業種:半導体・液晶製造装置
7717,ブイ・テクノロジー,機械・エレクトロニクス,製造用機械・電気機械,半導体・液晶製造装置,semi_equipment,半導体製造装置,1.0,core,auto,業種:半導体・液晶製造装置
7729,東京精密,機械・エレクトロニクス,製造用機械・電気機械,半導体・液晶製造装置,semi_equipment,半導体製造装置,1.0,core,auto,業種:半導体・液晶製造装置
7735,ＳＣＲＥＥＮ　ＨＬＤＧ,機械・エレクトロニクス,製造用機械・電気機械,半導体・液晶製造装置,semi_equipment,半導体製造装置,1.0,core,auto,業種:半導体・液晶製造装置
8035,東京エレクトロン,機械・エレクトロニクス,製造用機械・電気機械,半導体・液晶製造装置,semi_equipment,半導体製造装置,1.0,core,auto,業種:半導体・液晶製造装置
9880,イノテック,機械・エレクトロニクス,製造用機械・電気機械,電子部品製造装置,semi_equipment,半導体製造装置,1.0,core,auto,業種:電子部品製造装置
4107,伊勢化学工業,素材,化学・化成品,無機基礎化学品,perovskite,ペロブスカイト太陽電池,1.0,core,curated,カリン手動web
4204,積水化学工業,建設・不動産,不動産・住宅,戸建て住宅,perovskite,ペロブスカイト太陽電池,1.0,core,curated,カリン手動web
4362,日本精化,素材,化学・化成品,工業用油脂・界面活性剤,perovskite,ペロブスカイト太陽電池,0.4,related,curated,カリン手動web
6245,ヒラノテクシード,機械・エレクトロニクス,製造用機械・電気機械,塗装機械,perovskite,ペロブスカイト太陽電池,0.4,related,curated,カリン手動web
6752,パナソニック　ＨＬＤＧ,機械・エレクトロニクス,総合電機,総合電機,perovskite,ペロブスカイト太陽電池,0.4,related,curated,カリン手動web
6804,ホシデン,機械・エレクトロニクス,半導体・電子部品,スイッチ・コネクター・ワイヤハーネス,perovskite,ペロブスカイト太陽電池,0.4,related,curated,カリン手動web
7751,キヤノン,機械・エレクトロニクス,情報機器・通信機器,複写機・複合機・プリンター,perovskite,ペロブスカイト太陽電池,0.4,related,curated,カリン手動web
7752,リコー,機械・エレクトロニクス,情報機器・通信機器,複写機・複合機・プリンター,perovskite,ペロブスカイト太陽電池,0.4,related,curated,カリン手動web
4205,日本ゼオン,素材,ゴム・ゴム製品,合成ゴム,fusion,核融合発電,0.4,related,curated,カリン手動web
5541,大平洋金属,素材,製鉄・金属製品,非鉄金属開発・精錬,fusion,核融合発電,0.4,related,curated,カリン手動web
5801,古河電気工業,素材,製鉄・金属製品,電線・ケーブル,fusion,核融合発電,0.4,related,curated,カリン手動web
5803,フジクラ,素材,製鉄・金属製品,電線・ケーブル,fusion,核融合発電,0.7,strong,curated,カリン手動web
6501,日立製作所,機械・エレクトロニクス,総合電機,総合電機,fusion,核融合発電,0.4,related,curated,カリン手動web
7011,三菱重工業,機械・エレクトロニクス,産業用装置・重電設備,総合重機,fusion,核融合発電,0.4,related,curated,カリン手動web
7711,助川電気工業,機械・エレクトロニクス,業務用機械器具,計測・分析機器,fusion,核融合発電,1.0,core,curated,カリン手動web
1662,石油資源開発,資源・エネルギー,鉱業・エネルギー開発,石油開発・精製・販売,rare_earth,レアアース,0.4,related,curated,カリン手動web
2768,双日,商社・卸売,総合商社,総合商社,rare_earth,レアアース,0.4,related,curated,カリン手動web
3556,リネットジャパングループ,総合小売・食料品小売,専門店・ドラッグストア,古書・中古ソフト販売,rare_earth,レアアース,0.4,related,curated,カリン手動web
4063,信越化学工業,素材,化学・化成品,総合化学,rare_earth,レアアース,0.4,related,curated,カリン手動web
4082,第一稀元素化学工業,素材,化学・化成品,電子材料,rare_earth,レアアース,1.0,core,curated,カリン手動web
5711,三菱マテリアル,素材,製鉄・金属製品,非鉄金属開発・精錬,rare_earth,レアアース,0.4,related,curated,カリン手動web
5713,住友金属鉱山,素材,製鉄・金属製品,非鉄金属開発・精錬,rare_earth,レアアース,0.4,related,curated,カリン手動web
5714,ＤＯＷＡ　ＨＬＤＧ,素材,製鉄・金属製品,非鉄金属開発・精錬,rare_earth,レアアース,0.4,related,curated,カリン手動web
5724,アサカ理研,素材,製鉄・金属製品,貴金属回収・精錬,rare_earth,レアアース,1.0,core,curated,カリン手動web
6269,三井海洋開発,建設・不動産,建設・土木,プラント設計・工事,rare_earth,レアアース,0.4,related,curated,カリン手動web
6330,東洋エンジニアリング,建設・不動産,建設・土木,プラント設計・工事,rare_earth,レアアース,0.4,related,curated,カリン手動web
7011,三菱重工業,機械・エレクトロニクス,産業用装置・重電設備,総合重機,rare_earth,レアアース,0.4,related,curated,カリン手動web
7456,松田産業,素材,製鉄・金属製品,貴金属回収・精錬,rare_earth,レアアース,0.4,related,curated,カリン手動web
8015,豊田通商,商社・卸売,総合商社,総合商社,rare_earth,レアアース,0.4,related,curated,カリン手動web
1491,中外鉱業,素材,製鉄・金属製品,貴金属回収・精錬,metals,金・銀・銅（非鉄メタル）,1.0,core,auto,業種:貴金属回収・精錬
3168,ＭＥＲＦ,素材,製鉄・金属製品,伸銅・銅鋼,metals,金・銀・銅（非鉄メタル）,1.0,core,auto,業種:伸銅・銅鋼
5541,大平洋金属,素材,製鉄・金属製品,非鉄金属開発・精錬,metals,金・銀・銅（非鉄メタル）,1.0,core,auto,業種:非鉄金属開発・精錬
5707,東邦亜鉛,素材,製鉄・金属製品,非鉄金属開発・精錬,metals,金・銀・銅（非鉄メタル）,1.0,core,auto,業種:非鉄金属開発・精錬
5711,三菱マテリアル,素材,製鉄・金属製品,非鉄金属開発・精錬,metals,金・銀・銅（非鉄メタル）,1.0,core,auto,業種:非鉄金属開発・精錬
5713,住友金属鉱山,素材,製鉄・金属製品,非鉄金属開発・精錬,metals,金・銀・銅（非鉄メタル）,1.0,core,auto,業種:非鉄金属開発・精錬
5714,ＤＯＷＡ　ＨＬＤＧ,素材,製鉄・金属製品,非鉄金属開発・精錬,metals,金・銀・銅（非鉄メタル）,1.0,core,auto,業種:非鉄金属開発・精錬
5715,古河機械金属,素材,製鉄・金属製品,非鉄金属開発・精錬,metals,金・銀・銅（非鉄メタル）,1.0,core,auto,業種:非鉄金属開発・精錬
5724,アサカ理研,素材,製鉄・金属製品,貴金属回収・精錬,metals,金・銀・銅（非鉄メタル）,1.0,core,auto,業種:貴金属回収・精錬
5726,大阪チタニウムテクノロジーズ,素材,製鉄・金属製品,非鉄金属開発・精錬,metals,金・銀・銅（非鉄メタル）,1.0,core,auto,業種:非鉄金属開発・精錬
5729,日本精鉱,素材,製鉄・金属製品,非鉄金属開発・精錬,metals,金・銀・銅（非鉄メタル）,1.0,core,auto,業種:非鉄金属開発・精錬
5753,日本伸銅,素材,製鉄・金属製品,伸銅・銅鋼,metals,金・銀・銅（非鉄メタル）,1.0,core,auto,業種:伸銅・銅鋼
5757,ＣＫサンエツ,素材,製鉄・金属製品,伸銅・銅鋼,metals,金・銀・銅（非鉄メタル）,1.0,core,auto,業種:伸銅・銅鋼
5857,ＡＲＥＨＬＤＧ,素材,製鉄・金属製品,貴金属回収・精錬,metals,金・銀・銅（非鉄メタル）,1.0,core,auto,業種:貴金属回収・精錬
7456,松田産業,素材,製鉄・金属製品,貴金属回収・精錬,metals,金・銀・銅（非鉄メタル）,1.0,core,auto,業種:貴金属回収・精錬
5658,日亜鋼業,素材,製鉄・金属製品,鋼線・ワイヤー,densen,電線・ケーブル,1.0,core,auto,業種:鋼線・ワイヤー
5660,神鋼鋼線工業,素材,製鉄・金属製品,鋼線・ワイヤー,densen,電線・ケーブル,1.0,core,auto,業種:鋼線・ワイヤー
5697,サンユウ,素材,製鉄・金属製品,鋼線・ワイヤー,densen,電線・ケーブル,1.0,core,auto,業種:鋼線・ワイヤー
5801,古河電気工業,素材,製鉄・金属製品,電線・ケーブル,densen,電線・ケーブル,1.0,core,auto,業種:電線・ケーブル
5803,フジクラ,素材,製鉄・金属製品,電線・ケーブル,densen,電線・ケーブル,1.0,core,auto,業種:電線・ケーブル
5805,ＳＷＣＣ,素材,製鉄・金属製品,電線・ケーブル,densen,電線・ケーブル,1.0,core,auto,業種:電線・ケーブル
5816,オーナンバ,素材,製鉄・金属製品,電線・ケーブル,densen,電線・ケーブル,1.0,core,auto,業種:電線・ケーブル
5817,ＪＭＡＣＳ,素材,製鉄・金属製品,電線・ケーブル,densen,電線・ケーブル,1.0,core,auto,業種:電線・ケーブル
5819,カナレ電気,素材,製鉄・金属製品,電線・ケーブル,densen,電線・ケーブル,1.0,core,auto,業種:電線・ケーブル
5820,三ッ星,素材,製鉄・金属製品,電線・ケーブル,densen,電線・ケーブル,1.0,core,auto,業種:電線・ケーブル
5821,平河ヒューテック,素材,製鉄・金属製品,電線・ケーブル,densen,電線・ケーブル,1.0,core,auto,業種:電線・ケーブル
5981,東京製綱,素材,製鉄・金属製品,鋼線・ワイヤー,densen,電線・ケーブル,1.0,core,auto,業種:鋼線・ワイヤー
5985,サンコール,素材,製鉄・金属製品,鋼線・ワイヤー,densen,電線・ケーブル,1.0,core,auto,業種:鋼線・ワイヤー
5830,いよぎんＨＬＤＧ,金融,銀行,地方銀行,bank_rate,金利上昇メリット（銀行）,1.0,core,auto,業種:銀行
5831,しずおかＦＧ,金融,銀行,地方銀行,bank_rate,金利上昇メリット（銀行）,1.0,core,auto,業種:銀行
5832,ちゅうぎんＦＧ,金融,銀行,地方銀行,bank_rate,金利上昇メリット（銀行）,1.0,core,auto,業種:銀行
5838,楽天銀行,金融,銀行,新形態銀行・ネット銀行,bank_rate,金利上昇メリット（銀行）,1.0,core,auto,業種:銀行
5844,京都ＦＧ,金融,銀行,地方銀行,bank_rate,金利上昇メリット（銀行）,1.0,core,auto,業種:銀行
7150,島根銀行,金融,銀行,地方銀行,bank_rate,金利上昇メリット（銀行）,1.0,core,auto,業種:銀行
7161,じもとＨＬＤＧ,金融,銀行,地方銀行,bank_rate,金利上昇メリット（銀行）,1.0,core,auto,業種:銀行
7167,めぶきフィナンシャルグループ,金融,銀行,地方銀行,bank_rate,金利上昇メリット（銀行）,1.0,core,auto,業種:銀行
7173,東京きらぼしＦＧ,金融,銀行,地方銀行,bank_rate,金利上昇メリット（銀行）,1.0,core,auto,業種:銀行
7180,九州ＦＧ,金融,銀行,地方銀行,bank_rate,金利上昇メリット（銀行）,1.0,core,auto,業種:銀行
7182,ゆうちょ銀行,金融,銀行,都市銀行,bank_rate,金利上昇メリット（銀行）,1.0,core,auto,業種:銀行
7184,富山第一銀行,金融,銀行,地方銀行,bank_rate,金利上昇メリット（銀行）,1.0,core,auto,業種:銀行
7186,横浜ＦＧ,金融,銀行,地方銀行,bank_rate,金利上昇メリット（銀行）,1.0,core,auto,業種:銀行
7189,西日本フィナンシャルＨＬＤＧ,金融,銀行,地方銀行,bank_rate,金利上昇メリット（銀行）,1.0,core,auto,業種:銀行
7322,三十三ＦＧ,金融,銀行,地方銀行,bank_rate,金利上昇メリット（銀行）,1.0,core,auto,業種:銀行
7327,第四北越ＦＧ,金融,銀行,地方銀行,bank_rate,金利上昇メリット（銀行）,1.0,core,auto,業種:銀行
7337,ひろぎんＨＬＤＧ,金融,銀行,地方銀行,bank_rate,金利上昇メリット（銀行）,1.0,core,auto,業種:銀行
7350,おきなわＦＧ,金融,銀行,地方銀行,bank_rate,金利上昇メリット（銀行）,1.0,core,auto,業種:銀行
7380,十六ＦＧ,金融,銀行,地方銀行,bank_rate,金利上昇メリット（銀行）,1.0,core,auto,業種:銀行
7381,ＣＣＩグループ,金融,銀行,地方銀行,bank_rate,金利上昇メリット（銀行）,1.0,core,auto,業種:銀行
7384,プロクレアＨＬＤＧ,金融,銀行,地方銀行,bank_rate,金利上昇メリット（銀行）,1.0,core,auto,業種:銀行
7389,あいちＦＧ,金融,銀行,地方銀行,bank_rate,金利上昇メリット（銀行）,1.0,core,auto,業種:銀行
8303,ＳＢＩ新生銀行,金融,銀行,都市銀行,bank_rate,金利上昇メリット（銀行）,1.0,core,auto,業種:銀行
8304,あおぞら銀行,金融,銀行,都市銀行,bank_rate,金利上昇メリット（銀行）,1.0,core,auto,業種:銀行
8306,三菱ＵＦＪ　ＦＧ,金融,銀行,都市銀行,bank_rate,金利上昇メリット（銀行）,1.0,core,auto,業種:銀行
8308,りそなＨＬＤＧ,金融,銀行,都市銀行,bank_rate,金利上昇メリット（銀行）,1.0,core,auto,業種:銀行
8309,三井住友トラストグループ,金融,銀行,信託銀行,bank_rate,金利上昇メリット（銀行）,1.0,core,auto,業種:銀行
8316,三井住友ＦＧ,金融,銀行,都市銀行,bank_rate,金利上昇メリット（銀行）,1.0,core,auto,業種:銀行
8331,千葉銀行,金融,銀行,地方銀行,bank_rate,金利上昇メリット（銀行）,1.0,core,auto,業種:銀行
8334,群馬銀行,金融,銀行,地方銀行,bank_rate,金利上昇メリット（銀行）,1.0,core,auto,業種:銀行
8336,武蔵野銀行,金融,銀行,地方銀行,bank_rate,金利上昇メリット（銀行）,1.0,core,auto,業種:銀行
8337,千葉興業銀行,金融,銀行,地方銀行,bank_rate,金利上昇メリット（銀行）,1.0,core,auto,業種:銀行
8338,筑波銀行,金融,銀行,地方銀行,bank_rate,金利上昇メリット（銀行）,1.0,core,auto,業種:銀行
8341,七十七銀行,金融,銀行,地方銀行,bank_rate,金利上昇メリット（銀行）,1.0,core,auto,業種:銀行
8343,秋田銀行,金融,銀行,地方銀行,bank_rate,金利上昇メリット（銀行）,1.0,core,auto,業種:銀行
8344,山形銀行,金融,銀行,地方銀行,bank_rate,金利上昇メリット（銀行）,1.0,core,auto,業種:銀行
8345,岩手銀行,金融,銀行,地方銀行,bank_rate,金利上昇メリット（銀行）,1.0,core,auto,業種:銀行
8346,東邦銀行,金融,銀行,地方銀行,bank_rate,金利上昇メリット（銀行）,1.0,core,auto,業種:銀行
8349,東北銀行,金融,銀行,地方銀行,bank_rate,金利上昇メリット（銀行）,1.0,core,auto,業種:銀行
8354,ふくおかＦＧ,金融,銀行,地方銀行,bank_rate,金利上昇メリット（銀行）,1.0,core,auto,業種:銀行
8358,スルガ銀行,金融,銀行,地方銀行,bank_rate,金利上昇メリット（銀行）,1.0,core,auto,業種:銀行
8359,八十二長野銀行,金融,銀行,地方銀行,bank_rate,金利上昇メリット（銀行）,1.0,core,auto,業種:銀行
8360,山梨中央銀行,金融,銀行,地方銀行,bank_rate,金利上昇メリット（銀行）,1.0,core,auto,業種:銀行
8361,大垣共立銀行,金融,銀行,地方銀行,bank_rate,金利上昇メリット（銀行）,1.0,core,auto,業種:銀行
8362,福井銀行,金融,銀行,地方銀行,bank_rate,金利上昇メリット（銀行）,1.0,core,auto,業種:銀行
8364,清水銀行,金融,銀行,地方銀行,bank_rate,金利上昇メリット（銀行）,1.0,core,auto,業種:銀行
8365,富山銀行,金融,銀行,地方銀行,bank_rate,金利上昇メリット（銀行）,1.0,core,auto,業種:銀行
8366,滋賀銀行,金融,銀行,地方銀行,bank_rate,金利上昇メリット（銀行）,1.0,core,auto,業種:銀行
8367,南都銀行,金融,銀行,地方銀行,bank_rate,金利上昇メリット（銀行）,1.0,core,auto,業種:銀行
8368,百五銀行,金融,銀行,地方銀行,bank_rate,金利上昇メリット（銀行）,1.0,core,auto,業種:銀行
8370,紀陽銀行,金融,銀行,地方銀行,bank_rate,金利上昇メリット（銀行）,1.0,core,auto,業種:銀行
8377,ほくほくＦＧ,金融,銀行,地方銀行,bank_rate,金利上昇メリット（銀行）,1.0,core,auto,業種:銀行
8381,山陰合同銀行,金融,銀行,地方銀行,bank_rate,金利上昇メリット（銀行）,1.0,core,auto,業種:銀行
8383,鳥取銀行,金融,銀行,地方銀行,bank_rate,金利上昇メリット（銀行）,1.0,core,auto,業種:銀行
8386,百十四銀行,金融,銀行,地方銀行,bank_rate,金利上昇メリット（銀行）,1.0,core,auto,業種:銀行
8387,四国銀行,金融,銀行,地方銀行,bank_rate,金利上昇メリット（銀行）,1.0,core,auto,業種:銀行
8388,阿波銀行,金融,銀行,地方銀行,bank_rate,金利上昇メリット（銀行）,1.0,core,auto,業種:銀行
8392,大分銀行,金融,銀行,地方銀行,bank_rate,金利上昇メリット（銀行）,1.0,core,auto,業種:銀行
8393,宮崎銀行,金融,銀行,地方銀行,bank_rate,金利上昇メリット（銀行）,1.0,core,auto,業種:銀行
8395,佐賀銀行,金融,銀行,地方銀行,bank_rate,金利上昇メリット（銀行）,1.0,core,auto,業種:銀行
8399,琉球銀行,金融,銀行,地方銀行,bank_rate,金利上昇メリット（銀行）,1.0,core,auto,業種:銀行
8410,セブン銀行,金融,銀行,新形態銀行・ネット銀行,bank_rate,金利上昇メリット（銀行）,1.0,core,auto,業種:銀行
8411,みずほＦＧ,金融,銀行,都市銀行,bank_rate,金利上昇メリット（銀行）,1.0,core,auto,業種:銀行
8416,高知銀行,金融,銀行,地方銀行,bank_rate,金利上昇メリット（銀行）,1.0,core,auto,業種:銀行
8418,山口ＦＧ,金融,銀行,地方銀行,bank_rate,金利上昇メリット（銀行）,1.0,core,auto,業種:銀行
8508,Ｊトラスト,金融,銀行,外国銀行,bank_rate,金利上昇メリット（銀行）,1.0,core,auto,業種:銀行
8522,名古屋銀行,金融,銀行,地方銀行,bank_rate,金利上昇メリット（銀行）,1.0,core,auto,業種:銀行
8524,北洋銀行,金融,銀行,地方銀行,bank_rate,金利上昇メリット（銀行）,1.0,core,auto,業種:銀行
8537,大光銀行,金融,銀行,地方銀行,bank_rate,金利上昇メリット（銀行）,1.0,core,auto,業種:銀行
8541,愛媛銀行,金融,銀行,地方銀行,bank_rate,金利上昇メリット（銀行）,1.0,core,auto,業種:銀行
8542,トマト銀行,金融,銀行,地方銀行,bank_rate,金利上昇メリット（銀行）,1.0,core,auto,業種:銀行
8544,京葉銀行,金融,銀行,地方銀行,bank_rate,金利上昇メリット（銀行）,1.0,core,auto,業種:銀行
8550,栃木銀行,金融,銀行,地方銀行,bank_rate,金利上昇メリット（銀行）,1.0,core,auto,業種:銀行
8551,北日本銀行,金融,銀行,地方銀行,bank_rate,金利上昇メリット（銀行）,1.0,core,auto,業種:銀行
8558,東和銀行,金融,銀行,地方銀行,bank_rate,金利上昇メリット（銀行）,1.0,core,auto,業種:銀行
8562,福島銀行,金融,銀行,地方銀行,bank_rate,金利上昇メリット（銀行）,1.0,core,auto,業種:銀行
8563,大東銀行,金融,銀行,地方銀行,bank_rate,金利上昇メリット（銀行）,1.0,core,auto,業種:銀行
8600,トモニＨＬＤＧ,金融,銀行,地方銀行,bank_rate,金利上昇メリット（銀行）,1.0,core,auto,業種:銀行
8699,ＨＳＨＬＤＧ,金融,銀行,地方銀行,bank_rate,金利上昇メリット（銀行）,1.0,core,auto,業種:銀行
8713,フィデアＨＬＤＧ,金融,銀行,地方銀行,bank_rate,金利上昇メリット（銀行）,1.0,core,auto,業種:銀行
8714,池田泉州ＨＬＤＧ,金融,銀行,地方銀行,bank_rate,金利上昇メリット（銀行）,1.0,core,auto,業種:銀行
4258,網屋,情報・通信・広告,システム・ソフトウエア,データセンター・クラウドサービス,cyber_security,サイバーセキュリティ,0.4,related,curated,カリン手動web
4398,ブロードバンドセキュリティ,情報・通信・広告,システム・ソフトウエア,システム受注・ソフト開発（セキュリティー関連）,cyber_security,サイバーセキュリティ,1.0,core,curated,カリン手動web
4417,グローバルセキュリティエキスパ,情報・通信・広告,システム・ソフトウエア,ＩＴコンサルティング,cyber_security,サイバーセキュリティ,1.0,core,curated,カリン手動web
4475,ＨＥＮＮＧＥ,情報・通信・広告,システム・ソフトウエア,パッケージソフト（その他業務向け）,cyber_security,サイバーセキュリティ,0.4,related,curated,カリン手動web
4493,サイバーセキュリティクラウド,情報・通信・広告,システム・ソフトウエア,システム受注・ソフト開発（セキュリティー関連）,cyber_security,サイバーセキュリティ,1.0,core,curated,カリン手動web
4494,バリオセキュア,情報・通信・広告,システム・ソフトウエア,システム受注・ソフト開発（セキュリティー関連）,cyber_security,サイバーセキュリティ,1.0,core,curated,カリン手動web
4704,トレンドマイクロ,情報・通信・広告,システム・ソフトウエア,システム受注・ソフト開発（セキュリティー関連）,cyber_security,サイバーセキュリティ,1.0,core,curated,カリン手動web
4709,ＩＤ　ＨＬＤＧ,情報・通信・広告,システム・ソフトウエア,データセンター・クラウドサービス,cyber_security,サイバーセキュリティ,0.4,related,curated,カリン手動web
6701,日本電気,機械・エレクトロニクス,総合電機,総合電機,cyber_security,サイバーセキュリティ,0.4,related,curated,カリン手動web
6702,富士通,機械・エレクトロニクス,総合電機,総合電機,cyber_security,サイバーセキュリティ,0.4,related,curated,カリン手動web
9432,ＮＴＴ,情報・通信・広告,通信サービス,モバイル通信事業,cyber_security,サイバーセキュリティ,0.4,related,curated,カリン手動web
1407,ウエストＨＬＤＧ,建設・不動産,建設・土木,設備工事（電気・電設）,infrastructure,国土強靭化・建設,1.0,core,auto,業種:建設・土木
1414,ショーボンドＨＬＤＧ,建設・不動産,建設・土木,土木・建築,infrastructure,国土強靭化・建設,1.0,core,auto,業種:建設・土木
1417,ミライト・ワン,建設・不動産,建設・土木,設備工事（通信）,infrastructure,国土強靭化・建設,1.0,core,auto,業種:建設・土木
1430,ファーストコーポレーション,建設・不動産,建設・土木,土木・建築,infrastructure,国土強靭化・建設,1.0,core,auto,業種:建設・土木
1433,ベステラ,建設・不動産,建設・土木,プラント設計・工事,infrastructure,国土強靭化・建設,1.0,core,auto,業種:建設・土木
1434,ＪＥＳＣＯ　ＨＬＤＧ,建設・不動産,建設・土木,設備工事（通信）,infrastructure,国土強靭化・建設,1.0,core,auto,業種:建設・土木
1438,岐阜造園,建設・不動産,建設・土木,造園工事,infrastructure,国土強靭化・建設,1.0,core,auto,業種:建設・土木
1443,技研ＨＬＤＧ,建設・不動産,建設・土木,土木・建築,infrastructure,国土強靭化・建設,1.0,core,auto,業種:建設・土木
1450,ＴＡＮＡＫＥＮ,建設・不動産,建設・土木,土木・建築,infrastructure,国土強靭化・建設,1.0,core,auto,業種:建設・土木
1716,第一カッター興業,建設・不動産,建設・土木,土木・建築,infrastructure,国土強靭化・建設,1.0,core,auto,業種:建設・土木
1718,美樹工業,建設・不動産,建設・土木,土木・建築,infrastructure,国土強靭化・建設,1.0,core,auto,業種:建設・土木
1719,安藤・間,建設・不動産,建設・土木,総合建設（ゼネコン）,infrastructure,国土強靭化・建設,1.0,core,auto,業種:建設・土木
1720,東急建設,建設・不動産,建設・土木,総合建設（ゼネコン）,infrastructure,国土強靭化・建設,1.0,core,auto,業種:建設・土木
1721,コムシスＨＬＤＧ,建設・不動産,建設・土木,設備工事（通信）,infrastructure,国土強靭化・建設,1.0,core,auto,業種:建設・土木
1723,日本電技,建設・不動産,建設・土木,設備工事（空調・配管）,infrastructure,国土強靭化・建設,1.0,core,auto,業種:建設・土木
1724,シンクレイヤ,建設・不動産,建設・土木,設備工事（通信）,infrastructure,国土強靭化・建設,1.0,core,auto,業種:建設・土木
1736,オーテック,建設・不動産,建設・土木,設備工事（電気・電設）,infrastructure,国土強靭化・建設,1.0,core,auto,業種:建設・土木
1758,太洋基礎工業,建設・不動産,建設・土木,地盤改良工事,infrastructure,国土強靭化・建設,1.0,core,auto,業種:建設・土木
1762,高松コンストラクショングループ,建設・不動産,建設・土木,総合建設（ゼネコン）,infrastructure,国土強靭化・建設,1.0,core,auto,業種:建設・土木
1764,工藤建設,建設・不動産,建設・土木,土木・建築,infrastructure,国土強靭化・建設,1.0,core,auto,業種:建設・土木
1766,東建コーポレーション,建設・不動産,建設・土木,土木・建築,infrastructure,国土強靭化・建設,1.0,core,auto,業種:建設・土木
1768,ソネック,建設・不動産,建設・土木,土木・建築,infrastructure,国土強靭化・建設,1.0,core,auto,業種:建設・土木
1770,藤田エンジニアリング,建設・不動産,建設・土木,設備工事（空調・配管）,infrastructure,国土強靭化・建設,1.0,core,auto,業種:建設・土木
1780,ヤマウラ,建設・不動産,建設・土木,土木・建築,infrastructure,国土強靭化・建設,1.0,core,auto,業種:建設・土木
1786,オリエンタル白石,建設・不動産,建設・土木,鉄骨・橋梁建設,infrastructure,国土強靭化・建設,1.0,core,auto,業種:建設・土木
1787,ナカボーテック,建設・不動産,建設・土木,鉄骨・橋梁建設,infrastructure,国土強靭化・建設,1.0,core,auto,業種:建設・土木
1788,三東工業社,建設・不動産,建設・土木,土木・建築,infrastructure,国土強靭化・建設,1.0,core,auto,業種:建設・土木
1793,大本組,建設・不動産,建設・土木,総合建設（ゼネコン）,infrastructure,国土強靭化・建設,1.0,core,auto,業種:建設・土木
1798,守谷商会,建設・不動産,建設・土木,土木・建築,infrastructure,国土強靭化・建設,1.0,core,auto,業種:建設・土木
1799,第一建設工業,建設・不動産,建設・土木,総合建設（ゼネコン）,infrastructure,国土強靭化・建設,1.0,core,auto,業種:建設・土木
1801,大成建設,建設・不動産,建設・土木,総合建設（ゼネコン）,infrastructure,国土強靭化・建設,1.0,core,auto,業種:建設・土木
1802,大林組,建設・不動産,建設・土木,総合建設（ゼネコン）,infrastructure,国土強靭化・建設,1.0,core,auto,業種:建設・土木
1803,清水建設,建設・不動産,建設・土木,総合建設（ゼネコン）,infrastructure,国土強靭化・建設,1.0,core,auto,業種:建設・土木
1807,佐藤渡辺,建設・不動産,建設・土木,土木・建築,infrastructure,国土強靭化・建設,1.0,core,auto,業種:建設・土木
1808,長谷工コーポレーション,建設・不動産,建設・土木,総合建設（ゼネコン）,infrastructure,国土強靭化・建設,1.0,core,auto,業種:建設・土木
1810,松井建設,建設・不動産,建設・土木,総合建設（ゼネコン）,infrastructure,国土強靭化・建設,1.0,core,auto,業種:建設・土木
1811,錢高組,建設・不動産,建設・土木,総合建設（ゼネコン）,infrastructure,国土強靭化・建設,1.0,core,auto,業種:建設・土木
1812,鹿島建設,建設・不動産,建設・土木,総合建設（ゼネコン）,infrastructure,国土強靭化・建設,1.0,core,auto,業種:建設・土木
1813,不動テトラ,建設・不動産,建設・土木,総合建設（ゼネコン）,infrastructure,国土強靭化・建設,1.0,core,auto,業種:建設・土木
1814,大末建設,建設・不動産,建設・土木,総合建設（ゼネコン）,infrastructure,国土強靭化・建設,1.0,core,auto,業種:建設・土木
1815,鉄建建設,建設・不動産,建設・土木,総合建設（ゼネコン）,infrastructure,国土強靭化・建設,1.0,core,auto,業種:建設・土木
1820,西松建設,建設・不動産,建設・土木,総合建設（ゼネコン）,infrastructure,国土強靭化・建設,1.0,core,auto,業種:建設・土木
1822,大豊建設,建設・不動産,建設・土木,総合建設（ゼネコン）,infrastructure,国土強靭化・建設,1.0,core,auto,業種:建設・土木
1826,佐田建設,建設・不動産,建設・土木,土木・建築,infrastructure,国土強靭化・建設,1.0,core,auto,業種:建設・土木
1827,ナカノフドー建設,建設・不動産,建設・土木,総合建設（ゼネコン）,infrastructure,国土強靭化・建設,1.0,core,auto,業種:建設・土木
1828,田辺工業,建設・不動産,建設・土木,プラント設計・工事,infrastructure,国土強靭化・建設,1.0,core,auto,業種:建設・土木
1833,奥村組,建設・不動産,建設・土木,総合建設（ゼネコン）,infrastructure,国土強靭化・建設,1.0,core,auto,業種:建設・土木
1835,東鉄工業,建設・不動産,建設・土木,総合建設（ゼネコン）,infrastructure,国土強靭化・建設,1.0,core,auto,業種:建設・土木
1844,大盛工業,建設・不動産,建設・土木,土木・建築,infrastructure,国土強靭化・建設,1.0,core,auto,業種:建設・土木
1847,イチケン,建設・不動産,建設・土木,総合建設（ゼネコン）,infrastructure,国土強靭化・建設,1.0,core,auto,業種:建設・土木
1848,富士ピー・エス,建設・不動産,建設・土木,鉄骨・橋梁建設,infrastructure,国土強靭化・建設,1.0,core,auto,業種:建設・土木
1850,南海辰村建設,建設・不動産,建設・土木,総合建設（ゼネコン）,infrastructure,国土強靭化・建設,1.0,core,auto,業種:建設・土木
1852,淺沼組,建設・不動産,建設・土木,総合建設（ゼネコン）,infrastructure,国土強靭化・建設,1.0,core,auto,業種:建設・土木
1853,森組,建設・不動産,建設・土木,総合建設（ゼネコン）,infrastructure,国土強靭化・建設,1.0,core,auto,業種:建設・土木
1860,戸田建設,建設・不動産,建設・土木,総合建設（ゼネコン）,infrastructure,国土強靭化・建設,1.0,core,auto,業種:建設・土木
1861,熊谷組,建設・不動産,建設・土木,総合建設（ゼネコン）,infrastructure,国土強靭化・建設,1.0,core,auto,業種:建設・土木
1866,北野建設,建設・不動産,建設・土木,総合建設（ゼネコン）,infrastructure,国土強靭化・建設,1.0,core,auto,業種:建設・土木
1867,植木組,建設・不動産,建設・土木,総合建設（ゼネコン）,infrastructure,国土強靭化・建設,1.0,core,auto,業種:建設・土木
1870,矢作建設工業,建設・不動産,建設・土木,総合建設（ゼネコン）,infrastructure,国土強靭化・建設,1.0,core,auto,業種:建設・土木
1871,ピーエス・コンストラクション,建設・不動産,建設・土木,総合建設（ゼネコン）,infrastructure,国土強靭化・建設,1.0,core,auto,業種:建設・土木
1879,新日本建設,建設・不動産,建設・土木,土木・建築,infrastructure,国土強靭化・建設,1.0,core,auto,業種:建設・土木
1882,東亜道路工業,建設・不動産,建設・土木,道路舗装工事・管理,infrastructure,国土強靭化・建設,1.0,core,auto,業種:建設・土木
1885,東亜建設工業,建設・不動産,建設・土木,総合建設（ゼネコン）,infrastructure,国土強靭化・建設,1.0,core,auto,業種:建設・土木
1887,日本国土開発,建設・不動産,建設・土木,総合建設（ゼネコン）,infrastructure,国土強靭化・建設,1.0,core,auto,業種:建設・土木
1888,若築建設,建設・不動産,建設・土木,海洋土木,infrastructure,国土強靭化・建設,1.0,core,auto,業種:建設・土木
1893,五洋建設,建設・不動産,建設・土木,海洋土木,infrastructure,国土強靭化・建設,1.0,core,auto,業種:建設・土木
1897,金下建設,建設・不動産,建設・土木,土木・建築,infrastructure,国土強靭化・建設,1.0,core,auto,業種:建設・土木
1898,世紀東急工業,建設・不動産,建設・土木,道路舗装工事・管理,infrastructure,国土強靭化・建設,1.0,core,auto,業種:建設・土木
1899,福田組,建設・不動産,建設・土木,総合建設（ゼネコン）,infrastructure,国土強靭化・建設,1.0,core,auto,業種:建設・土木
1904,大成温調,建設・不動産,建設・土木,設備工事（空調・配管）,infrastructure,国土強靭化・建設,1.0,core,auto,業種:建設・土木
1905,テノックス,建設・不動産,建設・土木,地盤改良工事,infrastructure,国土強靭化・建設,1.0,core,auto,業種:建設・土木
1914,日本基礎技術,建設・不動産,建設・土木,土木・建築,infrastructure,国土強靭化・建設,1.0,core,auto,業種:建設・土木
1921,巴コーポレーション,建設・不動産,建設・土木,土木・建築,infrastructure,国土強靭化・建設,1.0,core,auto,業種:建設・土木
1926,ライト工業,建設・不動産,建設・土木,土木・建築,infrastructure,国土強靭化・建設,1.0,core,auto,業種:建設・土木
1929,日特建設,建設・不動産,建設・土木,土木・建築,infrastructure,国土強靭化・建設,1.0,core,auto,業種:建設・土木
1930,北陸電気工事,建設・不動産,建設・土木,設備工事（電気・電設）,infrastructure,国土強靭化・建設,1.0,core,auto,業種:建設・土木
1934,ユアテック,建設・不動産,建設・土木,設備工事（電気・電設）,infrastructure,国土強靭化・建設,1.0,core,auto,業種:建設・土木
1938,日本リーテック,建設・不動産,建設・土木,設備工事（電気・電設）,infrastructure,国土強靭化・建設,1.0,core,auto,業種:建設・土木
1939,四電工,建設・不動産,建設・土木,設備工事（電気・電設）,infrastructure,国土強靭化・建設,1.0,core,auto,業種:建設・土木
1941,中電工,建設・不動産,建設・土木,設備工事（電気・電設）,infrastructure,国土強靭化・建設,1.0,core,auto,業種:建設・土木
1942,関電工,建設・不動産,建設・土木,設備工事（電気・電設）,infrastructure,国土強靭化・建設,1.0,core,auto,業種:建設・土木
1944,きんでん,建設・不動産,建設・土木,設備工事（電気・電設）,infrastructure,国土強靭化・建設,1.0,core,auto,業種:建設・土木
1945,東京エネシス,建設・不動産,建設・土木,設備工事（電気・電設）,infrastructure,国土強靭化・建設,1.0,core,auto,業種:建設・土木
1946,トーエネック,建設・不動産,建設・土木,設備工事（電気・電設）,infrastructure,国土強靭化・建設,1.0,core,auto,業種:建設・土木
1948,弘電社,建設・不動産,建設・土木,設備工事（電気・電設）,infrastructure,国土強靭化・建設,1.0,core,auto,業種:建設・土木
1950,日本電設工業,建設・不動産,建設・土木,設備工事（電気・電設）,infrastructure,国土強靭化・建設,1.0,core,auto,業種:建設・土木
1951,エクシオグループ,建設・不動産,建設・土木,設備工事（通信）,infrastructure,国土強靭化・建設,1.0,core,auto,業種:建設・土木
1952,新日本空調,建設・不動産,建設・土木,設備工事（空調・配管）,infrastructure,国土強靭化・建設,1.0,core,auto,業種:建設・土木
1959,クラフティア,建設・不動産,建設・土木,設備工事（電気・電設）,infrastructure,国土強靭化・建設,1.0,core,auto,業種:建設・土木
1960,サンテック,建設・不動産,建設・土木,設備工事（電気・電設）,infrastructure,国土強靭化・建設,1.0,core,auto,業種:建設・土木
1961,三機工業,建設・不動産,建設・土木,設備工事（空調・配管）,infrastructure,国土強靭化・建設,1.0,core,auto,業種:建設・土木
1963,日揮ＨＬＤＧ,建設・不動産,建設・土木,プラント設計・工事,infrastructure,国土強靭化・建設,1.0,core,auto,業種:建設・土木
1964,中外炉工業,建設・不動産,建設・土木,プラント設計・工事,infrastructure,国土強靭化・建設,1.0,core,auto,業種:建設・土木
1965,テクノ菱和,建設・不動産,建設・土木,設備工事（空調・配管）,infrastructure,国土強靭化・建設,1.0,core,auto,業種:建設・土木
1966,高田工業所,建設・不動産,建設・土木,プラント設計・工事,infrastructure,国土強靭化・建設,1.0,core,auto,業種:建設・土木
1967,ヤマト,建設・不動産,建設・土木,設備工事（空調・配管）,infrastructure,国土強靭化・建設,1.0,core,auto,業種:建設・土木
1968,太平電業,建設・不動産,建設・土木,プラント設計・工事,infrastructure,国土強靭化・建設,1.0,core,auto,業種:建設・土木
1969,高砂熱学工業,建設・不動産,建設・土木,設備工事（空調・配管）,infrastructure,国土強靭化・建設,1.0,core,auto,業種:建設・土木
1972,三晃金属工業,建設・不動産,建設資材・設備,建築材料（金属）,infrastructure,国土強靭化・建設,1.0,core,auto,業種:建設資材・設備
1975,朝日工業社,建設・不動産,建設・土木,設備工事（空調・配管）,infrastructure,国土強靭化・建設,1.0,core,auto,業種:建設・土木
1976,明星工業,建設・不動産,建設・土木,プラント設計・工事,infrastructure,国土強靭化・建設,1.0,core,auto,業種:建設・土木
1979,大氣社,建設・不動産,建設・土木,設備工事（空調・配管）,infrastructure,国土強靭化・建設,1.0,core,auto,業種:建設・土木
1980,ダイダン,建設・不動産,建設・土木,設備工事（空調・配管）,infrastructure,国土強靭化・建設,1.0,core,auto,業種:建設・土木
1981,協和日成,建設・不動産,建設・土木,設備工事（空調・配管）,infrastructure,国土強靭化・建設,1.0,core,auto,業種:建設・土木
1982,日比谷総合設備,建設・不動産,建設・土木,設備工事（空調・配管）,infrastructure,国土強靭化・建設,1.0,core,auto,業種:建設・土木
1997,暁飯島工業,建設・不動産,建設・土木,設備工事（空調・配管）,infrastructure,国土強靭化・建設,1.0,core,auto,業種:建設・土木
211A,カドス,建設・不動産,建設・土木,土木・建築,infrastructure,国土強靭化・建設,1.0,core,auto,業種:建設・土木
253A,ＥＴＳグループ,建設・不動産,建設・土木,設備工事（電気・電設）,infrastructure,国土強靭化・建設,1.0,core,auto,業種:建設・土木
256A,飛島ＨＬＤＧ,建設・不動産,建設・土木,総合建設（ゼネコン）,infrastructure,国土強靭化・建設,1.0,core,auto,業種:建設・土木
3423,エスイー,建設・不動産,建設資材・設備,建築材料（金属）,infrastructure,国土強靭化・建設,1.0,core,auto,業種:建設資材・設備
3431,宮地エンジニアリンググループ,建設・不動産,建設・土木,鉄骨・橋梁建設,infrastructure,国土強靭化・建設,1.0,core,auto,業種:建設・土木
3440,日創グループ,建設・不動産,建設資材・設備,建築材料（金属）,infrastructure,国土強靭化・建設,1.0,core,auto,業種:建設資材・設備
3443,川田テクノロジーズ,建設・不動産,建設・土木,鉄骨・橋梁建設,infrastructure,国土強靭化・建設,1.0,core,auto,業種:建設・土木
3447,信和,建設・不動産,建設資材・設備,建築材料（金属）,infrastructure,国土強靭化・建設,1.0,core,auto,業種:建設資材・設備
3647,アスリナ,建設・不動産,建設・土木,設備工事（電気・電設）,infrastructure,国土強靭化・建設,1.0,core,auto,業種:建設・土木
4026,神島化学工業,建設・不動産,建設資材・設備,建築材料（タイル・煉瓦・石材）,infrastructure,国土強靭化・建設,1.0,core,auto,業種:建設資材・設備
4206,アイカ工業,建設・不動産,建設資材・設備,建築材料（床材・内装材）,infrastructure,国土強靭化・建設,1.0,core,auto,業種:建設資材・設備
4212,積水樹脂,建設・不動産,建設資材・設備,建築材料（樹脂・ゴム）,infrastructure,国土強靭化・建設,1.0,core,auto,業種:建設資材・設備
4216,旭有機材,建設・不動産,建設資材・設備,建築材料（管工機材）,infrastructure,国土強靭化・建設,1.0,core,auto,業種:建設資材・設備
4224,ロンシール工業,建設・不動産,建設資材・設備,建築材料（床材・内装材）,infrastructure,国土強靭化・建設,1.0,core,auto,業種:建設資材・設備
4651,サニックスＨＬＤＧ,建設・不動産,建設・土木,設備工事（電気・電設）,infrastructure,国土強靭化・建設,1.0,core,auto,業種:建設・土木
4657,環境管理センター,建設・不動産,建設・土木,土壌調査・航空測量,infrastructure,国土強靭化・建設,1.0,core,auto,業種:建設・土木
4658,日本空調サービス,建設・不動産,建設資材・設備,ビルメンテナンス,infrastructure,国土強靭化・建設,1.0,core,auto,業種:建設資材・設備
4664,アール・エス・シー,建設・不動産,建設資材・設備,ビルメンテナンス,infrastructure,国土強靭化・建設,1.0,core,auto,業種:建設資材・設備
4673,川崎地質,建設・不動産,建設・土木,土壌調査・航空測量,infrastructure,国土強靭化・建設,1.0,core,auto,業種:建設・土木
5011,ニチレキグループ,建設・不動産,建設・土木,道路舗装工事・管理,infrastructure,国土強靭化・建設,1.0,core,auto,業種:建設・土木
5074,テスＨＬＤＧ,建設・不動産,建設・土木,設備工事（電気・電設）,infrastructure,国土強靭化・建設,1.0,core,auto,業種:建設・土木
5076,インフロニア・ＨＬＤＧ,建設・不動産,建設・土木,総合建設（ゼネコン）,infrastructure,国土強靭化・建設,1.0,core,auto,業種:建設・土木
5079,ノバック,建設・不動産,建設・土木,総合建設（ゼネコン）,infrastructure,国土強靭化・建設,1.0,core,auto,業種:建設・土木
5232,住友大阪セメント,建設・不動産,建設資材・設備,セメント・生コンクリート,infrastructure,国土強靭化・建設,1.0,core,auto,業種:建設資材・設備
5233,太平洋セメント,建設・不動産,建設資材・設備,セメント・生コンクリート,infrastructure,国土強靭化・建設,1.0,core,auto,業種:建設資材・設備
5237,ノザワ,建設・不動産,建設資材・設備,建築材料（コンクリート）,infrastructure,国土強靭化・建設,1.0,core,auto,業種:建設資材・設備
5262,日本ヒューム,建設・不動産,建設資材・設備,建築材料（コンクリート）,infrastructure,国土強靭化・建設,1.0,core,auto,業種:建設資材・設備
5268,旭コンクリート工業,建設・不動産,建設資材・設備,建築材料（コンクリート）,infrastructure,国土強靭化・建設,1.0,core,auto,業種:建設資材・設備
5269,日本コンクリート工業,建設・不動産,建設資材・設備,建築材料（コンクリート）,infrastructure,国土強靭化・建設,1.0,core,auto,業種:建設資材・設備
5271,トーヨーアサノ,建設・不動産,建設資材・設備,建築材料（コンクリート）,infrastructure,国土強靭化・建設,1.0,core,auto,業種:建設資材・設備
5273,三谷セキサン,建設・不動産,建設資材・設備,建築材料（コンクリート）,infrastructure,国土強靭化・建設,1.0,core,auto,業種:建設資材・設備
5279,日本興業,建設・不動産,建設資材・設備,建築材料（コンクリート）,infrastructure,国土強靭化・建設,1.0,core,auto,業種:建設資材・設備
5282,ジオスター,建設・不動産,建設・土木,土木・建築,infrastructure,国土強靭化・建設,1.0,core,auto,業種:建設・土木
5283,高見澤,建設・不動産,建設資材・設備,セメント・生コンクリート,infrastructure,国土強靭化・建設,1.0,core,auto,業種:建設資材・設備
5284,ヤマウＨＬＤＧ,建設・不動産,建設資材・設備,建築材料（コンクリート）,infrastructure,国土強靭化・建設,1.0,core,auto,業種:建設資材・設備
5285,ヤマックス,建設・不動産,建設資材・設備,建築材料（コンクリート）,infrastructure,国土強靭化・建設,1.0,core,auto,業種:建設資材・設備
5287,イトーヨーギョー,建設・不動産,建設資材・設備,建築材料（コンクリート）,infrastructure,国土強靭化・建設,1.0,core,auto,業種:建設資材・設備
5288,アジアパイルＨＬＤＧ,建設・不動産,建設資材・設備,建築材料（コンクリート）,infrastructure,国土強靭化・建設,1.0,core,auto,業種:建設資材・設備
5290,ベルテクスコーポレーション,建設・不動産,建設資材・設備,建築材料（コンクリート）,infrastructure,国土強靭化・建設,1.0,core,auto,業種:建設資材・設備
5332,ＴＯＴＯ,建設・不動産,建設資材・設備,住宅設備（トイレ・洗面台）,infrastructure,国土強靭化・建設,1.0,core,auto,業種:建設資材・設備
5337,ダントーＨＬＤＧ,建設・不動産,建設資材・設備,建築材料（タイル・煉瓦・石材）,infrastructure,国土強靭化・建設,1.0,core,auto,業種:建設資材・設備
5341,ＡＳＡＨＩ　ＥＩＴＯＨＬＤＧ,建設・不動産,建設資材・設備,住宅設備（トイレ・洗面台）,infrastructure,国土強靭化・建設,1.0,core,auto,業種:建設資材・設備
5351,品川リフラ,建設・不動産,建設資材・設備,耐火物・窯炉,infrastructure,国土強靭化・建設,1.0,core,auto,業種:建設資材・設備
5355,日本坩堝,建設・不動産,建設資材・設備,耐火物・窯炉,infrastructure,国土強靭化・建設,1.0,core,auto,業種:建設資材・設備
5356,美濃窯業,建設・不動産,建設資材・設備,耐火物・窯炉,infrastructure,国土強靭化・建設,1.0,core,auto,業種:建設資材・設備
5357,ヨータイ,建設・不動産,建設資材・設備,耐火物・窯炉,infrastructure,国土強靭化・建設,1.0,core,auto,業種:建設資材・設備
5368,日本インシュレーション,建設・不動産,建設資材・設備,建築材料（タイル・煉瓦・石材）,infrastructure,国土強靭化・建設,1.0,core,auto,業種:建設資材・設備
5380,新東,建設・不動産,建設資材・設備,建築材料（タイル・煉瓦・石材）,infrastructure,国土強靭化・建設,1.0,core,auto,業種:建設資材・設備
5388,クニミネ工業,建設・不動産,建設資材・設備,建築材料（タイル・煉瓦・石材）,infrastructure,国土強靭化・建設,1.0,core,auto,業種:建設資材・設備
5391,エーアンドエーマテリアル,建設・不動産,建設資材・設備,建築材料（タイル・煉瓦・石材）,infrastructure,国土強靭化・建設,1.0,core,auto,業種:建設資材・設備
5393,ニチアス,建設・不動産,建設資材・設備,建築材料（タイル・煉瓦・石材）,infrastructure,国土強靭化・建設,1.0,core,auto,業種:建設資材・設備
5612,日本鋳鉄管,建設・不動産,建設資材・設備,建築材料（管工機材）,infrastructure,国土強靭化・建設,1.0,core,auto,業種:建設資材・設備
5900,ダイケン,建設・不動産,建設資材・設備,建築材料（金属）,infrastructure,国土強靭化・建設,1.0,core,auto,業種:建設資材・設備
5909,コロナ,建設・不動産,建設資材・設備,住宅設備（ガス・石油機器）,infrastructure,国土強靭化・建設,1.0,core,auto,業種:建設資材・設備
5911,横河ブリッジＨＬＤＧ,建設・不動産,建設・土木,鉄骨・橋梁建設,infrastructure,国土強靭化・建設,1.0,core,auto,業種:建設・土木
5915,駒井ハルテック,建設・不動産,建設・土木,鉄骨・橋梁建設,infrastructure,国土強靭化・建設,1.0,core,auto,業種:建設・土木
5918,瀧上工業,建設・不動産,建設・土木,鉄骨・橋梁建設,infrastructure,国土強靭化・建設,1.0,core,auto,業種:建設・土木
5921,川岸工業,建設・不動産,建設・土木,鉄骨・橋梁建設,infrastructure,国土強靭化・建設,1.0,core,auto,業種:建設・土木
5922,那須電機鉄工,建設・不動産,建設・土木,鉄骨・橋梁建設,infrastructure,国土強靭化・建設,1.0,core,auto,業種:建設・土木
5923,高田機工,建設・不動産,建設・土木,鉄骨・橋梁建設,infrastructure,国土強靭化・建設,1.0,core,auto,業種:建設・土木
5928,アルメタックス,建設・不動産,建設資材・設備,建築材料（窓・サッシ・シャッター）,infrastructure,国土強靭化・建設,1.0,core,auto,業種:建設資材・設備
5929,三和ＨＬＤＧ,建設・不動産,建設資材・設備,建築材料（窓・サッシ・シャッター）,infrastructure,国土強靭化・建設,1.0,core,auto,業種:建設資材・設備
5930,文化シヤッター,建設・不動産,建設資材・設備,建築材料（窓・サッシ・シャッター）,infrastructure,国土強靭化・建設,1.0,core,auto,業種:建設資材・設備
5932,三協立山,建設・不動産,建設資材・設備,建築材料（窓・サッシ・シャッター）,infrastructure,国土強靭化・建設,1.0,core,auto,業種:建設資材・設備
5936,東洋シヤッター,建設・不動産,建設資材・設備,建築材料（窓・サッシ・シャッター）,infrastructure,国土強靭化・建設,1.0,core,auto,業種:建設資材・設備
5938,ＬＩＸＩＬ,建設・不動産,建設資材・設備,住宅設備（トイレ・洗面台）,infrastructure,国土強靭化・建設,1.0,core,auto,業種:建設資材・設備
5939,大谷工業,建設・不動産,建設資材・設備,建築材料（金属）,infrastructure,国土強靭化・建設,1.0,core,auto,業種:建設資材・設備
5940,不二サッシ,建設・不動産,建設資材・設備,建築材料（窓・サッシ・シャッター）,infrastructure,国土強靭化・建設,1.0,core,auto,業種:建設資材・設備
5943,ノーリツ,建設・不動産,建設資材・設備,住宅設備（ガス・石油機器）,infrastructure,国土強靭化・建設,1.0,core,auto,業種:建設資材・設備
5946,長府製作所,建設・不動産,建設資材・設備,住宅設備（ガス・石油機器）,infrastructure,国土強靭化・建設,1.0,core,auto,業種:建設資材・設備
5947,リンナイ,建設・不動産,建設資材・設備,住宅設備（ガス・石油機器）,infrastructure,国土強靭化・建設,1.0,core,auto,業種:建設資材・設備
5958,三洋工業,建設・不動産,建設資材・設備,建築材料（金属）,infrastructure,国土強靭化・建設,1.0,core,auto,業種:建設資材・設備
5959,岡部,建設・不動産,建設資材・設備,建築材料（金属）,infrastructure,国土強靭化・建設,1.0,core,auto,業種:建設資材・設備
5973,トーアミ,建設・不動産,建設資材・設備,建築材料（金属）,infrastructure,国土強靭化・建設,1.0,core,auto,業種:建設資材・設備
6044,三機サービス,建設・不動産,建設資材・設備,ビルメンテナンス,infrastructure,国土強靭化・建設,1.0,core,auto,業種:建設資材・設備
6055,ジャパンマテリアル,建設・不動産,建設・土木,設備工事（空調・配管）,infrastructure,国土強靭化・建設,1.0,core,auto,業種:建設・土木
6092,エンバイオＨＬＤＧ,建設・不動産,建設・土木,土壌調査・航空測量,infrastructure,国土強靭化・建設,1.0,core,auto,業種:建設・土木
6171,土木管理総合試験所,建設・不動産,建設・土木,土壌調査・航空測量,infrastructure,国土強靭化・建設,1.0,core,auto,業種:建設・土木
6230,ＳＡＮＥＩ,建設・不動産,建設資材・設備,建築材料（管工機材）,infrastructure,国土強靭化・建設,1.0,core,auto,業種:建設資材・設備
6269,三井海洋開発,建設・不動産,建設・土木,プラント設計・工事,infrastructure,国土強靭化・建設,1.0,core,auto,業種:建設・土木
6306,日工,建設・不動産,建設・土木,プラント設計・工事,infrastructure,国土強靭化・建設,1.0,core,auto,業種:建設・土木
6330,東洋エンジニアリング,建設・不動産,建設・土木,プラント設計・工事,infrastructure,国土強靭化・建設,1.0,core,auto,業種:建設・土木
6331,三菱化工機,建設・不動産,建設・土木,プラント設計・工事,infrastructure,国土強靭化・建設,1.0,core,auto,業種:建設・土木
6332,月島ＨＬＤＧ,建設・不動産,建設・土木,プラント設計・工事,infrastructure,国土強靭化・建設,1.0,core,auto,業種:建設・土木
6366,千代田化工建設,建設・不動産,建設・土木,プラント設計・工事,infrastructure,国土強靭化・建設,1.0,core,auto,業種:建設・土木
6378,木村化工機,建設・不動産,建設・土木,プラント設計・工事,infrastructure,国土強靭化・建設,1.0,core,auto,業種:建設・土木
6379,レイズネクスト,建設・不動産,建設・土木,プラント設計・工事,infrastructure,国土強靭化・建設,1.0,core,auto,業種:建設・土木
6484,ＫＶＫ,建設・不動産,建設資材・設備,建築材料（管工機材）,infrastructure,国土強靭化・建設,1.0,core,auto,業種:建設資材・設備
6485,前澤給装工業,建設・不動産,建設資材・設備,建築材料（管工機材）,infrastructure,国土強靭化・建設,1.0,core,auto,業種:建設資材・設備
6544,ジャパンエレベーターサービスＨ,建設・不動産,建設資材・設備,ビルメンテナンス,infrastructure,国土強靭化・建設,1.0,core,auto,業種:建設資材・設備
6546,フルテック,建設・不動産,建設資材・設備,建築材料（窓・サッシ・シャッター）,infrastructure,国土強靭化・建設,1.0,core,auto,業種:建設資材・設備
6822,大井電気,建設・不動産,建設・土木,設備工事（通信）,infrastructure,国土強靭化・建設,1.0,core,auto,業種:建設・土木
7565,萬世電機,建設・不動産,建設・土木,設備工事（電気・電設）,infrastructure,国土強靭化・建設,1.0,core,auto,業種:建設・土木
7590,タカショー,建設・不動産,建設資材・設備,建築材料（エクステリア・外構）,infrastructure,国土強靭化・建設,1.0,core,auto,業種:建設資材・設備
7808,シー・エス・ランバー,建設・不動産,建設資材・設備,建築材料（木材）,infrastructure,国土強靭化・建設,1.0,core,auto,業種:建設資材・設備
7815,東京ボード工業,建設・不動産,建設資材・設備,建築材料（床材・内装材）,infrastructure,国土強靭化・建設,1.0,core,auto,業種:建設資材・設備
7820,ニホンフラッシュ,建設・不動産,建設資材・設備,建築材料（木材）,infrastructure,国土強靭化・建設,1.0,core,auto,業種:建設資材・設備
7821,前田工繊,建設・不動産,建設資材・設備,建築材料（樹脂・ゴム）,infrastructure,国土強靭化・建設,1.0,core,auto,業種:建設資材・設備
7822,永大産業,建設・不動産,建設資材・設備,建築材料（床材・内装材）,infrastructure,国土強靭化・建設,1.0,core,auto,業種:建設資材・設備
7827,オービス,建設・不動産,建設資材・設備,建築材料（木材）,infrastructure,国土強靭化・建設,1.0,core,auto,業種:建設資材・設備
7871,フクビ化学工業,建設・不動産,建設資材・設備,建築材料（樹脂・ゴム）,infrastructure,国土強靭化・建設,1.0,core,auto,業種:建設資材・設備
7879,ノダ,建設・不動産,建設資材・設備,建築材料（床材・内装材）,infrastructure,国土強靭化・建設,1.0,core,auto,業種:建設資材・設備
7887,南海プライウッド,建設・不動産,建設資材・設備,建築材料（床材・内装材）,infrastructure,国土強靭化・建設,1.0,core,auto,業種:建設資材・設備
7896,セブン工業,建設・不動産,建設資材・設備,建築材料（床材・内装材）,infrastructure,国土強靭化・建設,1.0,core,auto,業種:建設資材・設備
7897,ホクシン,建設・不動産,建設資材・設備,建築材料（床材・内装材）,infrastructure,国土強靭化・建設,1.0,core,auto,業種:建設資材・設備
7898,ウッドワン,建設・不動産,建設資材・設備,建築材料（床材・内装材）,infrastructure,国土強靭化・建設,1.0,core,auto,業種:建設資材・設備
7943,ニチハ,建設・不動産,建設資材・設備,建築材料（タイル・煉瓦・石材）,infrastructure,国土強靭化・建設,1.0,core,auto,業種:建設資材・設備
7955,クリナップ,建設・不動産,建設資材・設備,住宅設備（システムキッチン・システムバス）,infrastructure,国土強靭化・建設,1.0,core,auto,業種:建設資材・設備
7971,東リ,建設・不動産,建設資材・設備,建築材料（床材・内装材）,infrastructure,国土強靭化・建設,1.0,core,auto,業種:建設資材・設備
7981,タカラスタンダード,建設・不動産,建設資材・設備,住宅設備（システムキッチン・システムバス）,infrastructure,国土強靭化・建設,1.0,core,auto,業種:建設資材・設備
8912,エリアクエスト,建設・不動産,建設資材・設備,ビルメンテナンス,infrastructure,国土強靭化・建設,1.0,core,auto,業種:建設資材・設備
9233,アジア航測,建設・不動産,建設・土木,土壌調査・航空測量,infrastructure,国土強靭化・建設,1.0,core,auto,業種:建設・土木
9347,日本管財ＨＬＤＧ,建設・不動産,建設資材・設備,ビルメンテナンス,infrastructure,国土強靭化・建設,1.0,core,auto,業種:建設資材・設備
9551,メタウォーター,建設・不動産,建設・土木,プラント設計・工事,infrastructure,国土強靭化・建設,1.0,core,auto,業種:建設・土木
9632,スバル興業,建設・不動産,建設・土木,道路舗装工事・管理,infrastructure,国土強靭化・建設,1.0,core,auto,業種:建設・土木
9765,オオバ,建設・不動産,建設・土木,土壌調査・航空測量,infrastructure,国土強靭化・建設,1.0,core,auto,業種:建設・土木
9767,日建工学,建設・不動産,建設資材・設備,建築材料（コンクリート）,infrastructure,国土強靭化・建設,1.0,core,auto,業種:建設資材・設備
9780,ハリマビステム,建設・不動産,建設資材・設備,ビルメンテナンス,infrastructure,国土強靭化・建設,1.0,core,auto,業種:建設資材・設備
9791,ビケンテクノ,建設・不動産,建設資材・設備,ビルメンテナンス,infrastructure,国土強靭化・建設,1.0,core,auto,業種:建設資材・設備
6503,三菱電機,機械・エレクトロニクス,総合電機,総合電機,space,宇宙,0.4,related,curated,カリン手動web
7011,三菱重工業,機械・エレクトロニクス,産業用装置・重電設備,総合重機,space,宇宙,0.7,strong,curated,カリン手動web
7012,川崎重工業,機械・エレクトロニクス,産業用装置・重電設備,総合重機,space,宇宙,0.7,strong,curated,カリン手動web
7013,ＩＨＩ,機械・エレクトロニクス,産業用装置・重電設備,総合重機,space,宇宙,0.7,strong,curated,カリン手動web
9201,日本航空,物流・運輸,空運,航空輸送,aviation,空運・航空,1.0,core,auto,業種:空運
9202,ＡＮＡ　ＨＬＤＧ,物流・運輸,空運,航空輸送,aviation,空運・航空,1.0,core,auto,業種:空運
9204,スカイマーク,物流・運輸,空運,航空輸送,aviation,空運・航空,1.0,core,auto,業種:空運
9206,スターフライヤー,物流・運輸,空運,航空輸送,aviation,空運・航空,1.0,core,auto,業種:空運
9706,日本空港ビルデング,物流・運輸,空運,空港施設・航空関連サービス,aviation,空運・航空,1.0,core,auto,業種:空運
6016,ジャパンエンジン,輸送機器,造船,船舶用エンジン・ボート,shipbuilding,造船,1.0,core,auto,業種:造船
6018,阪神内燃機工業,輸送機器,造船,船舶用エンジン・ボート,shipbuilding,造船,1.0,core,auto,業種:造船
6022,赤阪鐵工所,輸送機器,造船,船舶用エンジン・ボート,shipbuilding,造船,1.0,core,auto,業種:造船
6023,ダイハツインフィニアース,輸送機器,造船,船舶用エンジン・ボート,shipbuilding,造船,1.0,core,auto,業種:造船
6042,ニッキ,輸送機器,造船,船舶用エンジン・ボート,shipbuilding,造船,1.0,core,auto,業種:造船
6637,寺崎電気産業,輸送機器,造船,船舶用機器・部品,shipbuilding,造船,1.0,core,auto,業種:造船
6814,古野電気,輸送機器,造船,船舶用機器・部品,shipbuilding,造船,1.0,core,auto,業種:造船
7014,名村造船所,輸送機器,造船,造船,shipbuilding,造船,1.0,core,auto,業種:造船
7018,内海造船,輸送機器,造船,造船,shipbuilding,造船,1.0,core,auto,業種:造船
7021,ニッチツ,輸送機器,造船,船舶用機器・部品,shipbuilding,造船,1.0,core,auto,業種:造船
7721,東京計器,輸送機器,造船,船舶用機器・部品,shipbuilding,造船,1.0,core,auto,業種:造船
4274,細谷火工,機械・エレクトロニクス,製造用機械・電気機械,銃器・兵器・軍用品,defense,防衛,1.0,core,curated,業種:銃器・兵器・軍用品
5631,日本製鋼所,機械・エレクトロニクス,製造用機械・電気機械,プラスチック加工・成形機械,defense,防衛,1.0,core,curated,カリン手動web
6208,石川製作所,機械・エレクトロニクス,製造用機械・電気機械,銃器・兵器・軍用品,defense,防衛,1.0,core,curated,業種:銃器・兵器・軍用品
6302,住友重機械工業,機械・エレクトロニクス,産業用装置・重電設備,総合重機,defense,防衛,1.0,core,auto,業種:総合重機
6503,三菱電機,機械・エレクトロニクス,総合電機,総合電機,defense,防衛,0.7,strong,curated,カリン手動web
6701,日本電気,機械・エレクトロニクス,総合電機,総合電機,defense,防衛,0.4,related,curated,カリン手動web
7003,三井Ｅ＆Ｓ,機械・エレクトロニクス,産業用装置・重電設備,総合重機,defense,防衛,1.0,core,auto,業種:総合重機
7004,カナデビア,機械・エレクトロニクス,産業用装置・重電設備,総合重機,defense,防衛,1.0,core,auto,業種:総合重機
7011,三菱重工業,機械・エレクトロニクス,産業用装置・重電設備,総合重機,defense,防衛,0.7,strong,curated,業種:総合重機
7012,川崎重工業,機械・エレクトロニクス,産業用装置・重電設備,総合重機,defense,防衛,1.0,core,auto,業種:総合重機
7013,ＩＨＩ,機械・エレクトロニクス,産業用装置・重電設備,総合重機,defense,防衛,0.7,strong,curated,業種:総合重機
7721,東京計器,輸送機器,造船,船舶用機器・部品,defense,防衛,0.4,related,curated,カリン手動web
7983,ミロク,機械・エレクトロニクス,製造用機械・電気機械,銃器・兵器・軍用品,defense,防衛,1.0,core,auto,業種:銃器・兵器・軍用品
8226,理経,商社・卸売,建材・電気機械・金属卸,情報通信・ネットワーク機器卸,defense,防衛,0.4,related,curated,カリン手動web
